country,state,city,station,last_update,CO,NH3,NO2,OZONE,PM10,PM2.5,SO2,AQI,AQI_Category
India,Andhra_Pradesh,Amaravati,"Secretariat, Amaravati - APPCB",2026-02-26 19:00:00,17.0,3.0,27.0,28.0,91.0,34.0,21.0,56,Satisfactory
India,Andhra_Pradesh,Anantapur,"Gulzarpet, Anantapur - APPCB",2026-02-26 19:00:00,52.0,5.0,20.0,24.0,71.0,76.0,17.0,152,Moderate
India,Andhra_Pradesh,Chittoor,"Gangineni Cheruvu, Chittoor - APPCB",2026-02-26 19:00:00,21.0,4.0,20.0,44.0,56.0,60.0,13.0,100,Satisfactory
India,Andhra_Pradesh,Kadapa,"Yerramukkapalli, Kadapa - APPCB",2026-02-26 19:00:00,36.0,3.0,22.0,14.0,81.0,80.0,12.0,166,Moderate
India,Andhra_Pradesh,Rajamahendravaram,"Anand Kala Kshetram, Rajamahendravaram - APPCB",2026-02-26 19:00:00,28.0,4.0,30.0,24.0,57.0,45.0,9.0,75,Satisfactory
India,Andhra_Pradesh,Tirumala,"Toll Gate, Tirumala - APPCB",2026-02-26 19:00:00,23.0,1.0,29.0,46.0,64.0,65.0,8.0,115,Moderate
India,Andhra_Pradesh,Tirupati,"Vaikuntapuram, Tirupati - APPCB",2026-02-26 19:00:00,22.0,6.0,34.0,36.0,66.0,72.0,15.0,139,Moderate
India,Andhra_Pradesh,Vijayawada,"HB Colony, Vijayawada - APPCB",2026-02-26 19:00:00,28.0,5.0,19.0,23.0,51.0,55.0,15.0,92,Satisfactory
India,Andhra_Pradesh,Vijayawada,"Kanuru, Vijayawada - APPCB",2026-02-26 19:00:00,36.0,5.0,23.0,41.0,44.0,48.0,18.0,80,Satisfactory
India,Andhra_Pradesh,Vijayawada,"Rajiv Gandhi Park, Vijayawada - APPCB",2026-02-26 19:00:00,40.0,5.0,28.0,29.0,61.0,67.0,15.0,121,Moderate
India,Andhra_Pradesh,Vijayawada,"Rajiv Nagar, Vijayawada - APPCB",2026-02-26 19:00:00,32.0,4.0,21.0,27.0,63.0,70.0,16.0,132,Moderate
India,Andhra_Pradesh,Visakhapatnam,"GVM Corporation, Visakhapatnam - APPCB",2026-02-26 19:00:00,23.0,4.0,82.0,49.0,202.0,98.0,21.0,225,Poor
India,Arunachal_Pradesh,Naharlagun,"Naharlagun, Naharlagun - APSPCB",2026-02-26 19:00:00,21.0,1.0,7.0,6.0,170.0,188.0,10.0,352,Very Poor
India,Assam,Byrnihat,"Central Academy for SFS, Byrnihat - PCBA",2026-02-26 19:00:00,60.0,4.0,7.0,38.0,111.0,188.0,31.0,352,Very Poor
India,Assam,Guwahati,"LGBI Airport, Guwahati - PCBA",2026-02-26 19:00:00,30.0,5.0,15.0,13.0,96.0,76.0,11.0,152,Moderate
India,Assam,Nagaon,"Christianpatty, Nagaon - PCBA",2026-02-26 19:00:00,18.0,4.0,1.0,9.0,107.0,122.0,10.0,302,Very Poor
India,Assam,Nalbari,"Bata Chowk, Nalbari - PCBA",2026-02-26 19:00:00,21.0,6.0,14.0,15.0,114.0,150.0,8.0,323,Very Poor
India,Assam,Silchar,"Tarapur, Silchar - PCBA",2026-02-26 19:00:00,39.0,2.0,29.0,7.0,66.0,65.0,6.0,115,Moderate
India,Assam,Sivasagar,"Girls College, Sivasagar - PCBA",2026-02-26 19:00:00,11.0,8.0,44.0,51.0,52.0,45.0,9.0,75,Satisfactory
India,Bihar,Araria,"Kharahiya Basti, Araria - BSPCB",2026-02-26 19:00:00,54.0,4.0,3.0,10.0,70.0,82.0,37.0,173,Moderate
India,Bihar,Aurangabad,"Gurdeo Nagar, Aurangabad - BSPCB",2026-02-26 19:00:00,102.0,2.0,8.0,59.0,87.0,38.0,10.0,63,Satisfactory
India,Bihar,Begusarai,"Lohiyanagar, Begusarai - BSPCB",2026-02-26 19:00:00,27.0,5.0,14.0,32.0,77.0,75.0,24.0,149,Moderate
India,Bihar,Bettiah,"Kamalnath Nagar, Bettiah - BSPCB",2026-02-26 19:00:00,113.0,1.0,8.0,22.0,68.0,74.0,7.0,145,Moderate
India,Bihar,Bhagalpur,"DM Office_Kachari Chowk, Bhagalpur - BSPCB",2026-02-26 19:00:00,18.0,1.0,9.0,16.0,76.0,66.0,53.0,118,Moderate
India,Bihar,Bhagalpur,"Mayaganj, Bhagalpur - BSPCB",2026-02-26 19:00:00,87.0,7.0,7.0,24.0,77.0,19.0,57.0,32,Good
India,Bihar,Buxar,"Charitra Van, Buxar - BSPCB",2026-02-26 19:00:00,25.0,3.0,9.0,23.0,69.0,71.0,15.0,135,Moderate
India,Bihar,Chhapra,"Darshan Nagar, Chhapra - BSPCB",2026-02-26 19:00:00,44.0,26.0,2.0,3.0,61.0,43.0,39.0,71,Satisfactory
India,Bihar,Gaya,"Kareemganj, Gaya - BSPCB",2026-02-26 19:00:00,79.0,1.0,12.0,25.0,120.0,77.0,42.0,156,Moderate
India,Bihar,Gaya,"SFTI Kusdihra, Gaya - BSPCB",2026-02-26 19:00:00,33.0,3.0,34.0,42.0,64.0,63.0,8.0,108,Moderate
India,Bihar,Hajipur,"Industrial Area, Hajipur - BSPCB",2026-02-26 19:00:00,20.0,19.0,52.0,122.0,128.0,120.0,6.0,300,Poor
India,Bihar,Katihar,"Mirchaibari, Katihar - BSPCB",2026-02-26 19:00:00,84.0,1.0,9.0,10.0,56.0,54.0,21.0,90,Satisfactory
India,Bihar,Kishanganj,"SDM Office_Khagra, Kishanganj - BSPCB",2026-02-26 19:00:00,22.0,3.0,11.0,32.0,76.0,89.0,8.0,197,Moderate
India,Bihar,Manguraha,"Forest Rest House, Manguraha - BSPCB",2026-02-26 19:00:00,32.0,1.0,7.0,10.0,136.0,132.0,17.0,309,Very Poor
India,Bihar,Motihari,"Gandak Colony, Motihari - BSPCB",2026-02-26 19:00:00,18.0,3.0,5.0,9.0,96.0,100.0,3.0,232,Poor
India,Bihar,Munger,"Town Hall, Munger - BSPCB",2026-02-26 19:00:00,43.0,3.0,5.0,10.0,61.0,63.0,42.0,108,Moderate
India,Bihar,Muzaffarpur,"MIT-Daudpur Kothi, Muzaffarpur - BSPCB",2026-02-26 19:00:00,56.0,6.0,4.0,55.0,63.0,86.0,14.0,186,Moderate
India,Bihar,Patna,"DRM Office Danapur, Patna - BSPCB",2026-02-26 19:00:00,50.0,11.0,50.0,30.0,109.0,95.0,6.0,215,Poor
India,Bihar,Patna,"Govt. High School Shikarpur, Patna - BSPCB",2026-02-26 19:00:00,48.0,5.0,18.0,80.0,156.0,188.0,5.0,352,Very Poor
India,Bihar,Patna,"Muradpur, Patna - BSPCB",2026-02-26 19:00:00,21.0,5.0,11.0,81.0,152.0,121.0,9.0,301,Very Poor
India,Bihar,Patna,"Rajbansi Nagar, Patna - BSPCB",2026-02-26 19:00:00,32.0,4.0,52.0,30.0,95.0,83.0,3.0,176,Moderate
India,Bihar,Patna,"Samanpura, Patna - BSPCB",2026-02-26 19:00:00,93.0,10.0,43.0,94.0,133.0,76.0,3.0,152,Moderate
India,Bihar,Purnia,"Mariam Nagar, Purnia - BSPCB",2026-02-26 19:00:00,65.0,3.0,6.0,9.0,66.0,83.0,18.0,176,Moderate
India,Bihar,Rajgir,"Dangi Tola, Rajgir - BSPCB",2026-02-26 19:00:00,40.0,3.0,14.0,26.0,49.0,52.0,3.0,86,Satisfactory
India,Bihar,Saharsa,"Police Line, Saharsa - BSPCB",2026-02-26 19:00:00,40.0,4.0,7.0,10.0,121.0,92.0,18.0,204,Poor
India,Bihar,Samastipur,"DM Office_Kasipur, Samastipur - BSPCB",2026-02-26 19:00:00,4.0,1.0,8.0,8.0,85.0,108.0,24.0,259,Poor
India,Bihar,Sasaram,"Dada Peer, Sasaram - BSPCB",2026-02-26 19:00:00,70.0,3.0,3.0,20.0,71.0,32.0,5.0,53,Satisfactory
India,Bihar,Siwan,"Chitragupta Nagar, Siwan - BSPCB",2026-02-26 19:00:00,60.0,1.0,2.0,11.0,80.0,55.0,6.0,92,Satisfactory
India,Chandigarh,Chandigarh,"Sector 22, Chandigarh - CPCC",2026-02-26 19:00:00,72.0,18.0,19.0,116.0,75.0,93.0,13.0,208,Poor
India,Chandigarh,Chandigarh,"Sector-25, Chandigarh - CPCC",2026-02-26 19:00:00,22.0,9.0,4.0,54.0,116.0,160.0,7.0,331,Very Poor
India,Chhattisgarh,Bhilai,"32Bungalows, Bhilai - CECB",2026-02-26 19:00:00,31.0,2.0,35.0,20.0,30.0,24.0,8.0,40,Good
India,Chhattisgarh,Bhilai,"Civic Center, Bhilai - Bhilai Steel Plant",2026-02-26 19:00:00,29.0,3.0,11.0,11.0,40.0,34.0,8.0,56,Satisfactory
India,Chhattisgarh,Bhilai,"Hathkhoj, Bhilai - CECB",2026-02-26 19:00:00,4.0,5.0,51.0,25.0,56.0,50.0,43.0,83,Satisfactory
India,Chhattisgarh,Korba,"Rampur, Korba - CECB",2026-02-26 19:00:00,13.0,1.0,24.0,8.0,63.0,45.0,39.0,75,Satisfactory
India,Chhattisgarh,Kunjemura,"OP Jindal School, Kunjemura - CECB",2026-02-26 19:00:00,14.0,2.0,38.0,50.0,115.0,61.0,14.0,101,Moderate
India,Chhattisgarh,Raipur,"AIIMS, Raipur - CECB",2026-02-26 19:00:00,28.0,4.0,40.0,4.0,76.0,53.0,6.0,88,Satisfactory
India,Chhattisgarh,Raipur,"Bhatagaon New ISBT, Raipur - CECB",2026-02-26 19:00:00,39.0,2.0,26.0,6.0,74.0,50.0,12.0,83,Satisfactory
India,Chhattisgarh,Raipur,"Krishak Nagar, Raipur - CECB",2026-02-26 19:00:00,21.0,2.0,14.0,27.0,66.0,47.0,6.0,78,Satisfactory
India,Chhattisgarh,Raipur,"Siltara Phase-II, Raipur - CECB",2026-02-26 19:00:00,10.0,2.0,14.0,3.0,95.0,44.0,3.0,73,Satisfactory
India,Delhi,Delhi,"Alipur, Delhi - DPCC",2026-02-26 19:00:00,40.0,14.0,53.0,38.0,196.0,217.0,11.0,375,Very Poor
India,Delhi,Delhi,"Anand Vihar, Delhi - DPCC",2026-02-26 19:00:00,84.0,9.0,86.0,13.0,300.0,229.0,21.0,384,Very Poor
India,Delhi,Delhi,"Ashok Vihar, Delhi - DPCC",2026-02-26 19:00:00,15.0,14.0,82.0,85.0,189.0,219.0,16.0,376,Very Poor
India,Delhi,Delhi,"Bawana, Delhi - DPCC",2026-02-26 19:00:00,30.0,8.0,31.0,79.0,206.0,252.0,11.0,401,Severe
India,Delhi,Delhi,"Chandni Chowk, Delhi - IITM",2026-02-26 19:00:00,82.0,8.0,24.0,85.0,223.0,217.0,25.0,375,Very Poor
India,Delhi,Delhi,"DTU, Delhi - CPCB",2026-02-26 19:00:00,20.0,10.0,52.0,23.0,127.0,184.0,27.0,349,Very Poor
India,Delhi,Delhi,"Dr. Karni Singh Shooting Range, Delhi - DPCC",2026-02-26 19:00:00,34.0,7.0,30.0,120.0,160.0,172.0,15.0,340,Very Poor
India,Delhi,Delhi,"Dwarka-Sector 8, Delhi - DPCC ",2026-02-26 19:00:00,36.0,21.0,89.0,98.0,216.0,205.0,18.0,365,Very Poor
India,Delhi,Delhi,"IHBAS, Dilshad Garden, Delhi - CPCB",2026-02-26 19:00:00,85.0,9.0,48.0,24.0,137.0,127.0,23.0,306,Very Poor
India,Delhi,Delhi,"ITO, Delhi - CPCB",2026-02-26 19:00:00,34.0,4.0,53.0,48.0,113.0,243.0,20.0,395,Very Poor
India,Delhi,Delhi,"Jahangirpuri, Delhi - DPCC",2026-02-26 19:00:00,40.0,14.0,91.0,14.0,218.0,240.0,51.0,392,Very Poor
India,Delhi,Delhi,"Jawaharlal Nehru Stadium, Delhi - DPCC",2026-02-26 19:00:00,26.0,14.0,103.0,142.0,161.0,154.0,19.0,326,Very Poor
India,Delhi,Delhi,"Major Dhyan Chand National Stadium, Delhi - DPCC",2026-02-26 19:00:00,39.0,15.0,90.0,91.0,163.0,136.0,23.0,313,Very Poor
India,Delhi,Delhi,"Mandir Marg, Delhi - DPCC",2026-02-26 19:00:00,90.0,11.0,73.0,77.0,150.0,66.0,23.0,118,Moderate
India,Delhi,Delhi,"Mundka, Delhi - DPCC",2026-02-26 19:00:00,82.0,10.0,120.0,62.0,240.0,221.0,31.0,378,Very Poor
India,Delhi,Delhi,"NSIT Dwarka, Delhi - CPCB",2026-02-26 19:00:00,55.0,7.0,96.0,26.0,146.0,130.0,15.0,308,Very Poor
India,Delhi,Delhi,"Najafgarh, Delhi - DPCC",2026-02-26 19:00:00,12.0,12.0,105.0,115.0,117.0,130.0,21.0,308,Very Poor
India,Delhi,Delhi,"Narela, Delhi - DPCC",2026-02-26 19:00:00,26.0,7.0,34.0,76.0,174.0,192.0,15.0,355,Very Poor
India,Delhi,Delhi,"Nehru Nagar, Delhi - DPCC",2026-02-26 19:00:00,76.0,14.0,80.0,79.0,191.0,223.0,23.0,379,Very Poor
India,Delhi,Delhi,"Okhla Phase-2, Delhi - DPCC",2026-02-26 19:00:00,71.0,12.0,93.0,92.0,185.0,163.0,15.0,333,Very Poor
India,Delhi,Delhi,"Patparganj, Delhi - DPCC",2026-02-26 19:00:00,39.0,7.0,77.0,95.0,184.0,180.0,17.0,346,Very Poor
India,Delhi,Delhi,"Pusa, Delhi - DPCC",2026-02-26 19:00:00,74.0,17.0,89.0,82.0,190.0,212.0,11.0,371,Very Poor
India,Delhi,Delhi,"R K Puram, Delhi - DPCC",2026-02-26 19:00:00,36.0,8.0,75.0,98.0,170.0,217.0,27.0,375,Very Poor
India,Delhi,Delhi,"Rohini, Delhi - DPCC",2026-02-26 19:00:00,22.0,11.0,53.0,115.0,230.0,228.0,14.0,383,Very Poor
India,Delhi,Delhi,"Shadipur, Delhi - CPCB",2026-02-26 19:00:00,21.0,13.0,72.0,37.0,184.0,278.0,18.0,412,Severe
India,Delhi,Delhi,"Sirifort, Delhi - CPCB",2026-02-26 19:00:00,16.0,9.0,43.0,23.0,208.0,195.0,35.0,358,Very Poor
India,Delhi,Delhi,"Sonia Vihar, Delhi - DPCC",2026-02-26 19:00:00,36.0,6.0,40.0,102.0,166.0,204.0,32.0,365,Very Poor
India,Delhi,Delhi,"Sri Aurobindo Marg, Delhi - DPCC",2026-02-26 19:00:00,25.0,5.0,40.0,83.0,123.0,118.0,11.0,293,Poor
India,Delhi,Delhi,"Vivek Vihar, Delhi - DPCC",2026-02-26 19:00:00,53.0,6.0,61.0,77.0,181.0,229.0,18.0,384,Very Poor
India,Delhi,Delhi,"Wazirpur, Delhi - DPCC",2026-02-26 19:00:00,37.0,11.0,54.0,46.0,248.0,223.0,11.0,379,Very Poor
India,Gujarat,Ahmedabad,"Chandkheda, Ahmedabad - IITM",2026-02-26 19:00:00,26.0,8.0,44.0,34.0,126.0,65.0,26.0,115,Moderate
India,Gujarat,Ahmedabad,"Gyaspur, Ahmedabad - IITM",2026-02-26 19:00:00,39.0,13.0,74.0,25.0,182.0,113.0,81.0,276,Poor
India,Gujarat,Ahmedabad,"Raikhad, Ahmedabad - IITM",2026-02-26 19:00:00,23.0,22.0,64.0,52.0,106.0,81.0,41.0,169,Moderate
India,Gujarat,Ahmedabad,"Rakhial, Ahmedabad - IITM",2026-02-26 19:00:00,67.0,8.0,77.0,39.0,121.0,78.0,62.0,159,Moderate
India,Gujarat,Ahmedabad,"SAC ISRO Bopal, Ahmedabad - IITM",2026-02-26 19:00:00,24.0,11.0,33.0,63.0,99.0,93.0,13.0,208,Poor
India,Gujarat,Ahmedabad,"SAC ISRO Satellite, Ahmedabad - IITM",2026-02-26 19:00:00,20.0,9.0,11.0,33.0,106.0,95.0,19.0,215,Poor
India,Gujarat,Ahmedabad,"SVPI Airport Hansol, Ahmedabad - IITM",2026-02-26 19:00:00,19.0,3.0,46.0,47.0,111.0,61.0,29.0,101,Moderate
India,Gujarat,Ankleshwar,"GIDC, Ankleshwar - GPCB",2026-02-26 19:00:00,48.0,6.0,11.0,36.0,79.0,58.0,17.0,97,Satisfactory
India,Gujarat,Bhavnagar,"Vidhyanagar, Bhavnagar - Nexteng Enviro",2026-02-26 19:00:00,92.0,5.0,46.0,9.0,82.0,24.0,20.0,40,Good
India,Gujarat,Gandhinagar,"GIFT City, Gandhinagar - IITM",2026-02-26 19:00:00,45.0,12.0,50.0,40.0,210.0,104.0,11.0,245,Poor
India,Gujarat,Gandhinagar,"IIPHG Lekawada, Gandhinagar - IITM",2026-02-26 19:00:00,3.0,8.0,14.0,22.0,129.0,92.0,8.0,204,Poor
India,Gujarat,Gandhinagar,"Sector-10, Gandhinagar - GPCB",2026-02-26 19:00:00,37.0,4.0,39.0,18.0,138.0,137.0,15.0,313,Very Poor
India,Gujarat,Mehsana,"Sadanand Nagar, Mehsana - Nexteng Enviro",2026-02-26 19:00:00,115.0,2.0,34.0,15.0,114.0,78.0,8.0,159,Moderate
India,Gujarat,Rajkot,"Mavdi, Rajkot - Nexteng Enviro ",2026-02-26 19:00:00,111.0,4.0,15.0,25.0,81.0,52.0,14.0,86,Satisfactory
India,Gujarat,Surat,"Katargam, Surat - Nexteng Enviro",2026-02-26 19:00:00,100.0,4.0,27.0,9.0,91.0,72.0,17.0,139,Moderate
India,Gujarat,Vadodara,"Bapunagar, Vadodara - Nexteng Enviro",2026-02-26 19:00:00,80.0,4.0,19.0,9.0,74.0,70.0,17.0,132,Moderate
India,Gujarat,Vatva,"Phase-4 GIDC, Vatva - GPCB",2026-02-26 19:00:00,15.0,11.0,91.0,45.0,132.0,139.0,37.0,315,Very Poor
India,Haryana,Ambala,"Patti Mehar, Ambala - HSPCB",2026-02-26 19:00:00,28.0,8.0,10.0,19.0,82.0,78.0,12.0,159,Moderate
India,Haryana,Ballabgarh,"Nathu Colony, Ballabgarh - HSPCB",2026-02-26 19:00:00,37.0,3.0,20.0,6.0,300.0,161.0,4.0,332,Very Poor
India,Haryana,Bhiwani,"H.B. Colony, Bhiwani - HSPCB",2026-02-26 19:00:00,16.0,3.0,8.0,14.0,65.0,76.0,4.0,152,Moderate
India,Haryana,Charkhi Dadri,"Mini Secretariat, Charkhi Dadri - HSPCB",2026-02-26 19:00:00,14.0,6.0,15.0,15.0,140.0,294.0,11.0,418,Severe
India,Haryana,Dharuhera,"Municipal Corporation Office, Dharuhera -  HSPCB",2026-02-26 19:00:00,82.0,21.0,42.0,32.0,177.0,246.0,11.0,397,Very Poor
India,Haryana,Faridabad,"New Industrial Town, Faridabad - HSPCB",2026-02-26 19:00:00,11.0,11.0,25.0,30.0,133.0,194.0,8.0,357,Very Poor
India,Haryana,Faridabad,"Sector 11, Faridabad - HSPCB",2026-02-26 19:00:00,31.0,10.0,31.0,15.0,271.0,320.0,5.0,428,Severe
India,Haryana,Faridabad,"Sector 30, Faridabad - HSPCB",2026-02-26 19:00:00,55.0,11.0,37.0,28.0,112.0,110.0,5.0,266,Poor
India,Haryana,Fatehabad,"Huda Sector, Fatehabad - HSPCB",2026-02-26 19:00:00,27.0,14.0,19.0,72.0,19.0,13.0,10.0,22,Good
India,Haryana,Gurugram,"Sector-51, Gurugram - HSPCB",2026-02-26 19:00:00,38.0,11.0,8.0,37.0,254.0,317.0,9.0,427,Severe
India,Haryana,Kaithal,"Rishi Nagar, Kaithal - HSPCB",2026-02-26 19:00:00,26.0,6.0,31.0,15.0,139.0,158.0,22.0,329,Very Poor
India,Haryana,Karnal,"Sector-12, Karnal - HSPCB",2026-02-26 19:00:00,3.0,6.0,6.0,26.0,110.0,186.0,2.0,351,Very Poor
India,Haryana,Kurukshetra,"Sector-7, Kurukshetra - HSPCB",2026-02-26 19:00:00,35.0,5.0,19.0,54.0,176.0,205.0,2.0,365,Very Poor
India,Haryana,Mandikhera,"General Hospital, Mandikhera(Nuh) - HSPCB",2026-02-26 19:00:00,76.0,13.0,21.0,28.0,80.0,74.0,34.0,145,Moderate
India,Haryana,Manesar,"Sector-2 IMT, Manesar - HSPCB",2026-02-26 19:00:00,10.0,12.0,56.0,30.0,199.0,247.0,11.0,398,Very Poor
India,Haryana,Narnaul,"Shastri Nagar, Narnaul - HSPCB",2026-02-26 19:00:00,67.0,12.0,48.0,19.0,84.0,110.0,5.0,266,Poor
India,Haryana,Palwal,"Shyam Nagar, Palwal - HSPCB",2026-02-26 19:00:00,33.0,9.0,24.0,9.0,67.0,59.0,9.0,98,Satisfactory
India,Haryana,Panchgaon,"Amity University, Panchgaon - IITM",2026-02-26 19:00:00,6.0,10.0,33.0,75.0,115.0,192.0,13.0,355,Very Poor
India,Haryana,Panipat,"Sector-18, Panipat - HSPCB",2026-02-26 19:00:00,49.0,2.0,31.0,30.0,126.0,212.0,11.0,371,Very Poor
India,Haryana,Yamuna Nagar,"Gobind Pura, Yamuna Nagar - HSPCB",2026-02-26 19:00:00,40.0,4.0,37.0,32.0,142.0,172.0,12.0,340,Very Poor
India,Himachal Pradesh,Baddi,"HIMUDA Complex Phase-1, Baddi - HPPCB",2026-02-26 19:00:00,52.0,7.0,28.0,117.0,158.0,166.0,68.0,336,Very Poor
India,Karnataka,Bengaluru,"BTM Layout, Bengaluru - CPCB",2026-02-26 19:00:00,52.0,3.0,27.0,28.0,77.0,42.0,17.0,70,Satisfactory
India,Karnataka,Bengaluru,"Bapuji Nagar, Bengaluru - KSPCB",2026-02-26 19:00:00,29.0,9.0,92.0,216.0,109.0,48.0,17.0,80,Satisfactory
India,Karnataka,Bengaluru,"Hebbal, Bengaluru - KSPCB",2026-02-26 19:00:00,23.0,1.0,44.0,20.0,88.0,74.0,14.0,145,Moderate
India,Karnataka,Bengaluru,"Hombegowda Nagar, Bengaluru - KSPCB",2026-02-26 19:00:00,17.0,6.0,35.0,75.0,66.0,50.0,12.0,83,Satisfactory
India,Karnataka,Bengaluru,"Jayanagar 5th Block, Bengaluru - KSPCB",2026-02-26 19:00:00,35.0,2.0,25.0,94.0,92.0,77.0,11.0,156,Moderate
India,Karnataka,Bengaluru,"Jigani, Bengaluru - KSPCB",2026-02-26 19:00:00,43.0,3.0,22.0,22.0,103.0,61.0,20.0,101,Moderate
India,Karnataka,Bengaluru,"Peenya, Bengaluru - CPCB",2026-02-26 19:00:00,12.0,4.0,26.0,26.0,75.0,37.0,11.0,61,Satisfactory
India,Karnataka,Bengaluru,"RVCE-Mailasandra, Bengaluru - KSPCB",2026-02-26 19:00:00,19.0,4.0,31.0,23.0,108.0,108.0,6.0,259,Poor
India,Karnataka,Bengaluru,"Shivapura_Peenya, Bengaluru - KSPCB",2026-02-26 19:00:00,36.0,3.0,21.0,29.0,78.0,26.0,5.0,43,Good
India,Karnataka,Bengaluru,"Silk Board, Bengaluru - KSPCB",2026-02-26 19:00:00,47.0,4.0,70.0,71.0,111.0,74.0,5.0,145,Moderate
India,Karnataka,Chamarajanagar,"Urban, Chamarajanagar - KSPCB",2026-02-26 19:00:00,23.0,2.0,26.0,32.0,48.0,29.0,4.0,48,Good
India,Karnataka,Chikkaballapur,"Chikkaballapur Rural, Chikkaballapur - KSPCB",2026-02-26 19:00:00,14.0,4.0,19.0,24.0,63.0,78.0,12.0,159,Moderate
India,Karnataka,Hubballi,"Lingaraj Nagar, Hubballi - KSPCB",2026-02-26 19:00:00,14.0,1.0,7.0,26.0,54.0,37.0,2.0,61,Satisfactory
India,Karnataka,Kalaburagi,"Mahatma Basaveswar Colony, Kalaburgi - KSPCB",2026-02-26 19:00:00,38.0,3.0,15.0,21.0,61.0,48.0,3.0,80,Satisfactory
India,Karnataka,Mysuru,"Hebbal 1st Stage, Mysuru - KSPCB",2026-02-26 19:00:00,18.0,5.0,20.0,73.0,57.0,31.0,3.0,51,Satisfactory
India,Karnataka,Yadgir,"Collector Office, Yadgir - KSPCB",2026-02-26 19:00:00,18.0,2.0,17.0,18.0,78.0,58.0,11.0,97,Satisfactory
India,Kerala,Kannur,"Thavakkara, Kannur - Kerala PCB",2026-02-26 19:00:00,20.0,2.0,15.0,29.0,90.0,81.0,3.0,169,Moderate
India,Madhya Pradesh,Bhopal,"Idgah Hills, Bhopal - MPPCB",2026-02-26 19:00:00,27.0,5.0,28.0,47.0,95.0,42.0,14.0,70,Satisfactory
India,Madhya Pradesh,Bhopal,"Paryavaran Parisar, Bhopal - MPPCB",2026-02-26 19:00:00,23.0,5.0,40.0,32.0,112.0,70.0,14.0,132,Moderate
India,Madhya Pradesh,Bhopal,"T T Nagar, Bhopal - MPPCB",2026-02-26 19:00:00,40.0,5.0,42.0,113.0,88.0,48.0,21.0,80,Satisfactory
India,Madhya Pradesh,Dewas,"Bhopal Chauraha, Dewas - MPPCB",2026-02-26 19:00:00,24.0,1.0,125.0,32.0,84.0,47.0,50.0,78,Satisfactory
India,Madhya Pradesh,Gwalior,"City Center, Gwalior - MPPCB",2026-02-26 19:00:00,33.0,5.0,61.0,99.0,110.0,112.0,12.0,273,Poor
India,Madhya Pradesh,Gwalior,"Deen Dayal Nagar, Gwalior - MPPCB",2026-02-26 19:00:00,43.0,5.0,16.0,105.0,168.0,182.0,9.0,348,Very Poor
India,Madhya Pradesh,Gwalior,"Maharaj Bada, Gwalior - MPPCB",2026-02-26 19:00:00,37.0,4.0,17.0,93.0,131.0,127.0,9.0,306,Very Poor
India,Madhya Pradesh,Indore,"Chhoti Gwaltoli, Indore - MPPCB",2026-02-26 19:00:00,48.0,17.0,167.0,10.0,75.0,79.0,19.0,162,Moderate
India,Madhya Pradesh,Indore,"Regional Park, Indore - IMC",2026-02-26 19:00:00,6.0,2.0,19.0,10.0,45.0,71.0,13.0,135,Moderate
India,Madhya Pradesh,Indore,"Residency Area, Indore - IMC",2026-02-26 19:00:00,28.0,1.0,26.0,22.0,73.0,63.0,3.0,108,Moderate
India,Madhya Pradesh,Jabalpur,"Govindh Bhavan Colony, Jabalpur - JMC",2026-02-26 19:00:00,23.0,2.0,10.0,39.0,46.0,33.0,6.0,54,Satisfactory
India,Madhya Pradesh,Jabalpur,"Gupteshwar, Jabalpur - JMC",2026-02-26 19:00:00,47.0,2.0,38.0,93.0,44.0,46.0,20.0,76,Satisfactory
India,Madhya Pradesh,Jabalpur,"Marhatal, Jabalpur - MPPCB",2026-02-26 19:00:00,32.0,2.0,29.0,40.0,111.0,57.0,21.0,95,Satisfactory
India,Madhya Pradesh,Jabalpur,"Suhagi, Jabalpur - JMC",2026-02-26 19:00:00,35.0,6.0,42.0,43.0,70.0,53.0,4.0,88,Satisfactory
India,Madhya Pradesh,Katni,"Gole Bazar, Katni - MPPCB",2026-02-26 19:00:00,28.0,6.0,37.0,88.0,139.0,110.0,72.0,266,Poor
India,Madhya Pradesh,Mandideep,"Sector-D Industrial Area, Mandideep - MPPCB",2026-02-26 19:00:00,24.0,6.0,95.0,47.0,146.0,155.0,36.0,327,Very Poor
India,Madhya Pradesh,Pithampur,"Sector-2 Industrial Area, Pithampur - MPPCB",2026-02-26 19:00:00,22.0,10.0,35.0,135.0,142.0,109.0,36.0,262,Poor
India,Madhya Pradesh,Ujjain,"Mahashweta Nagar, Ujjain - MPPCB",2026-02-26 19:00:00,23.0,12.0,58.0,61.0,87.0,80.0,4.0,166,Moderate
India,Maharashtra,Aurangabad,"MIDC Chilkalthana, Aurangabad - MPCB",2026-02-26 19:00:00,20.0,2.0,48.0,62.0,78.0,50.0,20.0,83,Satisfactory
India,Maharashtra,Aurangabad,"Rachnakar Colony, Aurangabad - MPCB",2026-02-26 19:00:00,40.0,2.0,43.0,65.0,106.0,104.0,38.0,245,Poor
India,Maharashtra,Akola,"Ramdaspeth, Akola - MPCB",2026-02-26 19:00:00,18.0,5.0,30.0,58.0,89.0,72.0,23.0,139,Moderate
India,Maharashtra,Amravati,"Shivneri Colony, Amravati - MPCB",2026-02-26 19:00:00,17.0,3.0,19.0,67.0,77.0,53.0,16.0,88,Satisfactory
India,Maharashtra,Amravati,"Shri Shivaji Science College, Amravati - MPCB",2026-02-26 19:00:00,40.0,4.0,24.0,71.0,108.0,99.0,41.0,228,Poor
India,Maharashtra,Badlapur,"Katrap, Badlapur - MPCB",2026-02-26 19:00:00,29.0,5.0,22.0,62.0,95.0,75.0,8.0,149,Moderate
India,Maharashtra,Belapur,"CBD Belapur, Belapur - MPCB",2026-02-26 19:00:00,5.0,4.0,54.0,24.0,89.0,49.0,10.0,81,Satisfactory
India,Maharashtra,Bhiwandi,"Gokul Nagar, Bhiwandi - MPCB",2026-02-26 19:00:00,20.0,6.0,23.0,58.0,93.0,52.0,8.0,86,Satisfactory
India,Maharashtra,Chandrapur,"Chauhan Colony, Chandrapur - MPCB",2026-02-26 19:00:00,25.0,2.0,30.0,26.0,136.0,65.0,38.0,115,Moderate
India,Maharashtra,Chandrapur,"MIDC Khutala, Chandrapur - MPCB",2026-02-26 19:00:00,39.0,2.0,14.0,18.0,122.0,78.0,9.0,159,Moderate
India,Maharashtra,Dhule,"Deopur, Dhule - MPCB",2026-02-26 19:00:00,16.0,2.0,13.0,55.0,44.0,36.0,7.0,59,Satisfactory
India,Maharashtra,Jalgaon,"Prabhat Colony, Jalgaon - MPCB",2026-02-26 19:00:00,19.0,2.0,9.0,78.0,118.0,109.0,19.0,262,Poor
India,Maharashtra,Kolhapur,"Sinchan Bhavan, Kolhapur - MPCB",2026-02-26 19:00:00,12.0,6.0,28.0,34.0,44.0,33.0,3.0,54,Satisfactory
India,Maharashtra,Latur,"Sawe Wadi, Latur - MPCB",2026-02-26 19:00:00,24.0,14.0,46.0,42.0,92.0,89.0,5.0,197,Moderate
India,Maharashtra,Mahad,"Kamble Tarf Birwadi, Mahad - MPCB",2026-02-26 19:00:00,25.0,9.0,26.0,84.0,81.0,49.0,20.0,81,Satisfactory
India,Maharashtra,Mira-Bhayandar,"Bhayandar West, Mira-Bhayandar - MPCB",2026-02-26 19:00:00,10.0,6.0,28.0,12.0,46.0,29.0,14.0,48,Good
India,Maharashtra,Mumbai,"Bandra Kurla Complex, Mumbai - IITM",2026-02-26 19:00:00,9.0,18.0,42.0,13.0,81.0,52.0,5.0,86,Satisfactory
India,Maharashtra,Mumbai,"Byculla, Mumbai - BMC",2026-02-26 19:00:00,35.0,10.0,47.0,12.0,46.0,15.0,3.0,25,Good
India,Maharashtra,Mumbai,"Chakala-Andheri East, Mumbai - IITM",2026-02-26 19:00:00,2.0,16.0,69.0,44.0,78.0,48.0,4.0,80,Satisfactory
India,Maharashtra,Mumbai,"Chembur, Mumbai - MPCB",2026-02-26 19:00:00,3.0,12.0,35.0,22.0,53.0,37.0,3.0,61,Satisfactory
India,Maharashtra,Mumbai,"Ghatkopar, Mumbai - BMC",2026-02-26 19:00:00,6.0,4.0,38.0,19.0,73.0,43.0,1.0,71,Satisfactory
India,Maharashtra,Mumbai,"Kandivali East, Mumbai - MPCB",2026-02-26 19:00:00,22.0,3.0,30.0,18.0,54.0,4.0,25.0,7,Good
India,Maharashtra,Mumbai,"Kandivali West, Mumbai - BMC",2026-02-26 19:00:00,18.0,2.0,17.0,24.0,78.0,35.0,3.0,58,Satisfactory
India,Maharashtra,Mumbai,"Khindipada-Bhandup West, Mumbai - IITM",2026-02-26 19:00:00,21.0,4.0,17.0,59.0,50.0,33.0,4.0,54,Satisfactory
India,Maharashtra,Mumbai,"Malad West, Mumbai - IITM",2026-02-26 19:00:00,13.0,6.0,43.0,77.0,63.0,23.0,9.0,38,Good
India,Maharashtra,Mumbai,"Mazgaon, Mumbai - IITM",2026-02-26 19:00:00,28.0,10.0,71.0,23.0,45.0,30.0,20.0,50,Good
India,Maharashtra,Mumbai,"Mindspace-Malad West, Mumbai - MPCB",2026-02-26 19:00:00,7.0,4.0,21.0,7.0,51.0,30.0,14.0,50,Good
India,Maharashtra,Mumbai,"Navy Nagar-Colaba, Mumbai - IITM",2026-02-26 19:00:00,14.0,7.0,69.0,43.0,51.0,44.0,9.0,73,Satisfactory
India,Maharashtra,Mumbai,"Shivaji Nagar, Mumbai - BMC",2026-02-26 19:00:00,18.0,5.0,12.0,9.0,90.0,29.0,5.0,48,Good
India,Maharashtra,Mumbai,"Worli, Mumbai -MPCB",2026-02-26 19:00:00,15.0,3.0,34.0,32.0,54.0,28.0,59.0,47,Good
India,Maharashtra,Nagpur,"Ambazari, Nagpur - MPCB",2026-02-26 19:00:00,17.0,6.0,34.0,91.0,106.0,105.0,44.0,249,Poor
India,Maharashtra,Nagpur,"Opp GPO Civil Lines, Nagpur - MPCB",2026-02-26 19:00:00,22.0,9.0,28.0,21.0,123.0,118.0,28.0,293,Poor
India,Maharashtra,Nagpur,"Ram Nagar, Nagpur - MPCB",2026-02-26 19:00:00,16.0,4.0,31.0,57.0,119.0,104.0,25.0,245,Poor
India,Maharashtra,Nashik,"Gangapur Road, Nashik - MPCB",2026-02-26 19:00:00,26.0,3.0,5.0,22.0,73.0,70.0,4.0,132,Moderate
India,Maharashtra,Nashik,"Hirawadi, Nashik - MPCB",2026-02-26 19:00:00,7.0,6.0,7.0,56.0,56.0,33.0,6.0,54,Satisfactory
India,Maharashtra,Nashik,"MIDC Ambad, Nashik - MPCB",2026-02-26 19:00:00,30.0,3.0,12.0,32.0,75.0,46.0,16.0,76,Satisfactory
India,Maharashtra,Nashik,"Pandav Nagari, Nashik - MPCB",2026-02-26 19:00:00,4.0,3.0,12.0,33.0,48.0,27.0,3.0,45,Good
India,Maharashtra,Navi Mumbai,"Kopripada-Vashi, Navi Mumbai - MPCB",2026-02-26 19:00:00,9.0,5.0,25.0,19.0,104.0,97.0,6.0,221,Poor
India,Maharashtra,Navi Mumbai,"Sanpada, Navi Mumbai - MPCB",2026-02-26 19:00:00,20.0,18.0,30.0,43.0,96.0,62.0,19.0,104,Moderate
India,Maharashtra,Navi Mumbai,"Sector-2E Kalamboli, Navi Mumbai - MPCB",2026-02-26 19:00:00,20.0,8.0,19.0,31.0,58.0,39.0,4.0,65,Satisfactory
India,Maharashtra,Navi Mumbai,"Tondare-Taloja, Navi Mumbai - MPCB",2026-02-26 19:00:00,13.0,10.0,20.0,16.0,89.0,66.0,5.0,118,Moderate
India,Maharashtra,Parbhani,"Masoom Colony, Parbhani - MPCB",2026-02-26 19:00:00,10.0,4.0,13.0,10.0,57.0,35.0,12.0,58,Satisfactory
India,Maharashtra,Pimpri-Chinchwad,"Gavalinagar, Pimpri Chinchwad - MPCB",2026-02-26 19:00:00,12.0,8.0,32.0,32.0,56.0,36.0,1.0,59,Satisfactory
India,Maharashtra,Pimpri-Chinchwad,"Park Street Wakad, Pimpri Chinchwad - MPCB",2026-02-26 19:00:00,18.0,4.0,39.0,68.0,68.0,64.0,3.0,111,Moderate
India,Maharashtra,Pimpri-Chinchwad,"Thergaon, Pimpri Chinchwad - MPCB",2026-02-26 19:00:00,8.0,7.0,35.0,37.0,66.0,46.0,3.0,76,Satisfactory
India,Maharashtra,Pune,"Savitribai Phule Pune University, Pune - MPCB",2026-02-26 19:00:00,12.0,4.0,26.0,48.0,57.0,36.0,3.0,59,Satisfactory
India,Maharashtra,Solapur,"Dnyaneshwar Nagar, Solapur - MPCB",2026-02-26 19:00:00,18.0,19.0,32.0,58.0,85.0,75.0,6.0,149,Moderate
India,Maharashtra,Solapur,"Ratandeep Housing Society, Solapur - MPCB",2026-02-26 19:00:00,34.0,7.0,56.0,34.0,92.0,97.0,6.0,221,Poor
India,Maharashtra,Thane,"Kasarvadavali, Thane - MPCB",2026-02-26 19:00:00,8.0,9.0,34.0,39.0,78.0,61.0,2.0,101,Moderate
India,Maharashtra,Thane,"Upvan Fort, Thane - MPCB",2026-02-26 19:00:00,13.0,3.0,17.0,26.0,73.0,41.0,6.0,68,Satisfactory
India,Maharashtra,Ulhasnagar,"Sidhi Vinayak Nagar, Ulhasnagar - MPCB",2026-02-26 19:00:00,10.0,6.0,16.0,59.0,69.0,52.0,12.0,86,Satisfactory
India,Maharashtra,Virar,"Bolinj, Virar - MPCB",2026-02-26 19:00:00,13.0,2.0,26.0,16.0,87.0,42.0,5.0,70,Satisfactory
India,Nagaland,Kohima,"PWD Junction, Kohima - NPCB",2026-02-26 19:00:00,9.0,1.0,3.0,42.0,51.0,52.0,71.0,86,Satisfactory
India,Odisha,Angul,"Hakimapada, Angul - OSPCB",2026-02-26 19:00:00,59.0,5.0,36.0,215.0,163.0,197.0,20.0,359,Very Poor
India,Odisha,Balasore,"Kalidaspur, Balasore - OSPCB",2026-02-26 19:00:00,37.0,1.0,20.0,124.0,134.0,190.0,18.0,354,Very Poor
India,Odisha,Barbil,"Forest Office, Barbil - OSPCB",2026-02-26 19:00:00,25.0,2.0,44.0,112.0,125.0,91.0,19.0,201,Poor
India,Odisha,Baripada,"Meher Colony, Baripada - OSPCB",2026-02-26 19:00:00,65.0,5.0,17.0,82.0,85.0,85.0,14.0,183,Moderate
India,Odisha,Bhubaneswar,"Lingraj Mandir, Bhubaneswar - OSPCB",2026-02-26 19:00:00,54.0,11.0,18.0,114.0,92.0,104.0,17.0,245,Poor
India,Odisha,Bhubaneswar,"Patia, Bhubaneswar - OSPCB",2026-02-26 19:00:00,101.0,5.0,22.0,76.0,111.0,81.0,15.0,169,Moderate
India,Odisha,Cuttack,"CDA Area, Cuttack - OSPCB",2026-02-26 19:00:00,76.0,6.0,34.0,180.0,117.0,106.0,8.0,252,Poor
India,Odisha,Keonjhar,"Jagamohanpur, Keonjhar - OSPCB",2026-02-26 19:00:00,27.0,5.0,9.0,48.0,80.0,48.0,13.0,80,Satisfactory
India,Odisha,Nayagarh,"Dabuna, Nayagarh - OSPCB",2026-02-26 19:00:00,17.0,6.0,10.0,22.0,157.0,39.0,17.0,65,Satisfactory
India,Odisha,Rairangpur,"Divisional Forest Office, Rairangpur - OSPCB",2026-02-26 19:00:00,16.0,1.0,11.0,39.0,78.0,35.0,5.0,58,Satisfactory
India,Odisha,Rourkela,"Raghunathpali, Rourkela - OSPCB",2026-02-26 19:00:00,47.0,2.0,15.0,12.0,102.0,82.0,6.0,173,Moderate
India,Odisha,Suakati,"OMC Colony, Suakati - OSPCB",2026-02-26 19:00:00,22.0,7.0,15.0,108.0,107.0,59.0,16.0,98,Satisfactory
India,Odisha,Talcher,"Talcher Coalfields,Talcher - OSPCB",2026-02-26 19:00:00,46.0,7.0,57.0,61.0,155.0,128.0,14.0,306,Very Poor
India,Puducherry,Puducherry,"Jawahar Nagar, Puducherry - PPCC",2026-02-26 19:00:00,19.0,3.0,16.0,56.0,44.0,44.0,7.0,73,Satisfactory
India,Punjab,Amritsar,"Golden Temple, Amritsar - PPCB",2026-02-26 19:00:00,69.0,6.0,15.0,36.0,103.0,78.0,27.0,159,Moderate
India,Punjab,Jalandhar,"Civil Line, Jalandhar - PPCB",2026-02-26 19:00:00,46.0,3.0,31.0,45.0,88.0,59.0,18.0,98,Satisfactory
India,Punjab,Khanna,"Kalal Majra, Khanna - PPCB",2026-02-26 19:00:00,49.0,7.0,28.0,39.0,102.0,98.0,10.0,225,Poor
India,Punjab,Ludhiana,"Punjab Agricultural University, Ludhiana - PPCB",2026-02-26 19:00:00,52.0,8.0,41.0,46.0,105.0,92.0,28.0,204,Poor
India,Punjab,Patiala,"Model Town, Patiala - PPCB",2026-02-26 19:00:00,19.0,6.0,18.0,31.0,121.0,84.0,15.0,180,Moderate
India,Rajasthan,Ajmer,"Civil Lines,  Ajmer - RSPCB",2026-02-26 19:00:00,37.0,4.0,30.0,30.0,111.0,71.0,4.0,135,Moderate
India,Rajasthan,Alwar,"Moti Doongri, Alwar - RSPCB",2026-02-26 19:00:00,29.0,12.0,63.0,55.0,120.0,74.0,34.0,145,Moderate
India,Rajasthan,Banswara,"Rati Talai, Banswara - RSPCB",2026-02-26 19:00:00,29.0,6.0,38.0,92.0,79.0,49.0,4.0,81,Satisfactory
India,Rajasthan,Baran,"Bamboliya, Baran - RSPCB",2026-02-26 19:00:00,22.0,8.0,39.0,100.0,90.0,41.0,7.0,68,Satisfactory
India,Rajasthan,Barmer,"Railway Colony, Barmer - RSPCB",2026-02-26 19:00:00,15.0,9.0,32.0,114.0,101.0,48.0,7.0,80,Satisfactory
India,Rajasthan,Bharatpur,"Krishna Nagar, Bharatpur - RSPCB",2026-02-26 19:00:00,32.0,14.0,46.0,109.0,118.0,75.0,12.0,149,Moderate
India,Rajasthan,Bhilwara,"Pratap Nagar, Bhilwara - RSPCB",2026-02-26 19:00:00,36.0,5.0,45.0,47.0,121.0,93.0,17.0,208,Poor
India,Rajasthan,Bhiwadi,"RIICO Ind. Area III, Bhiwadi - RSPCB",2026-02-26 19:00:00,28.0,11.0,42.0,43.0,278.0,291.0,15.0,417,Severe
India,Rajasthan,Bhiwadi,"Vasundhara Nagar_UIT, Bhiwadi - RSPCB",2026-02-26 19:00:00,40.0,4.0,64.0,82.0,291.0,253.0,11.0,402,Severe
India,Rajasthan,Bikaner,"MM Ground, Bikaner - RSPCB",2026-02-26 19:00:00,24.0,9.0,40.0,133.0,133.0,50.0,10.0,83,Satisfactory
India,Rajasthan,Bundi,"New Colony, Bundi - RSPCB",2026-02-26 19:00:00,37.0,4.0,43.0,93.0,98.0,68.0,8.0,125,Moderate
India,Rajasthan,Chittorgarh,"Shastri Nagar, Chittorgarh - RSPCB",2026-02-26 19:00:00,7.0,14.0,48.0,90.0,124.0,111.0,8.0,269,Poor
India,Rajasthan,Churu,"Subash Chowk, Churu - RSPCB",2026-02-26 19:00:00,23.0,7.0,23.0,99.0,111.0,56.0,5.0,93,Satisfactory
India,Rajasthan,Dausa,"Khatikan Mohalla, Dausa - RSPCB",2026-02-26 19:00:00,44.0,4.0,67.0,78.0,130.0,65.0,6.0,115,Moderate
India,Rajasthan,Dholpur,"Raja Ganj, Dholpur - RSPCB",2026-02-26 19:00:00,40.0,13.0,31.0,49.0,102.0,84.0,6.0,180,Moderate
India,Rajasthan,Dungarpur,"Bhoiwada, Dungarpur - RSPCB",2026-02-26 19:00:00,43.0,11.0,27.0,51.0,110.0,75.0,7.0,149,Moderate
India,Rajasthan,Hanumangarh,"Housing Board, Hanumangarh - RSPCB",2026-02-26 19:00:00,39.0,8.0,32.0,88.0,116.0,44.0,12.0,73,Satisfactory
India,Rajasthan,Jaipur,"Adarsh Nagar, Jaipur - RSPCB",2026-02-26 19:00:00,51.0,14.0,44.0,72.0,90.0,78.0,22.0,159,Moderate
India,Rajasthan,Jaipur,"Mansarovar Sector-12, Jaipur - RSPCB",2026-02-26 19:00:00,27.0,8.0,75.0,126.0,125.0,72.0,8.0,139,Moderate
India,Rajasthan,Jaipur,"Police Commissionerate, Jaipur - RSPCB",2026-02-26 19:00:00,76.0,1.0,43.0,58.0,86.0,74.0,29.0,145,Moderate
India,Rajasthan,Jaipur,"RIICO Sitapura, Jaipur - RSPCB",2026-02-26 19:00:00,38.0,5.0,86.0,88.0,154.0,137.0,5.0,313,Very Poor
India,Rajasthan,Jaipur,"Sector-2 Murlipura, Jaipur - RSPCB",2026-02-26 19:00:00,23.0,4.0,60.0,76.0,94.0,70.0,10.0,132,Moderate
India,Rajasthan,Jaipur,"Shastri Nagar, Jaipur - RSPCB",2026-02-26 19:00:00,45.0,14.0,65.0,46.0,100.0,76.0,29.0,152,Moderate
India,Rajasthan,Jaisalmer,"Sadar Bazar, Jaisalmer - RSPCB",2026-02-26 19:00:00,24.0,9.0,25.0,61.0,108.0,56.0,5.0,93,Satisfactory
India,Rajasthan,Jalore,"Mudtra Sili, Jalore - RSPCB",2026-02-26 19:00:00,39.0,5.0,49.0,93.0,133.0,88.0,7.0,193,Moderate
India,Rajasthan,Jhalawar,"Rajlaxmi Nagar, Jhalawar - RSPCB",2026-02-26 19:00:00,19.0,11.0,74.0,86.0,85.0,55.0,11.0,92,Satisfactory
India,Rajasthan,Jhunjhunu,"Indra Nagar, Jhunjhunu - RSPCB",2026-02-26 19:00:00,23.0,8.0,35.0,112.0,112.0,56.0,8.0,93,Satisfactory
India,Rajasthan,Jodhpur,"Collectorate, Jodhpur - RSPCB",2026-02-26 19:00:00,56.0,22.0,29.0,72.0,82.0,71.0,12.0,135,Moderate
India,Rajasthan,Jodhpur,"Digari Kalan, Jodhpur - RSPCB",2026-02-26 19:00:00,13.0,8.0,40.0,94.0,161.0,81.0,2.0,169,Moderate
India,Rajasthan,Jodhpur,"Jhalamand, Jodhpur - RSPCB",2026-02-26 19:00:00,16.0,14.0,40.0,69.0,148.0,85.0,5.0,183,Moderate
India,Rajasthan,Jodhpur,"Mandor, Jodhpur - RSPCB",2026-02-26 19:00:00,15.0,10.0,41.0,74.0,77.0,54.0,4.0,90,Satisfactory
India,Rajasthan,Jodhpur,"Samrat Ashok Udhyan, Jodhpur - RSPCB",2026-02-26 19:00:00,21.0,14.0,64.0,126.0,162.0,124.0,9.0,303,Very Poor
India,Rajasthan,Karauli,"Satyawati Vihar, Karauli - RSPCB",2026-02-26 19:00:00,25.0,16.0,36.0,70.0,100.0,83.0,9.0,176,Moderate
India,Rajasthan,Kota,"Nayapura, Kota - RSPCB",2026-02-26 19:00:00,28.0,8.0,55.0,95.0,122.0,81.0,10.0,169,Moderate
India,Rajasthan,Nagaur,"Karni Colony, Nagaur - RSPCB",2026-02-26 19:00:00,17.0,7.0,21.0,83.0,100.0,45.0,6.0,75,Satisfactory
India,Rajasthan,Pali,"Indira Colony Vistar, Pali - RSPCB",2026-02-26 19:00:00,29.0,10.0,28.0,46.0,138.0,126.0,12.0,305,Very Poor
India,Rajasthan,Pratapgarh,"Pragati Nagar, Pratapgarh - RSPCB",2026-02-26 19:00:00,21.0,6.0,28.0,114.0,108.0,67.0,5.0,121,Moderate
India,Rajasthan,Rajsamand,"Dhoinda, Rajsamand - RSPCB",2026-02-26 19:00:00,31.0,11.0,31.0,111.0,80.0,55.0,6.0,92,Satisfactory
India,Rajasthan,Sawai Madhopur,"Sahu Nagar, Sawai Madhopur - RSPCB",2026-02-26 19:00:00,14.0,8.0,37.0,142.0,175.0,85.0,9.0,183,Moderate
India,Rajasthan,Sikar,"Radhakishan Pura, Sikar - RSPCB",2026-02-26 19:00:00,18.0,8.0,35.0,97.0,107.0,66.0,4.0,118,Moderate
India,Rajasthan,Sirohi,"Vedhaynath Colony, Sirohi - RSPCB",2026-02-26 19:00:00,17.0,4.0,41.0,91.0,80.0,56.0,6.0,93,Satisfactory
India,Rajasthan,Sri Ganganagar,"Old City, Sri Ganganagar - RSPCB",2026-02-26 19:00:00,39.0,4.0,62.0,123.0,148.0,64.0,11.0,111,Moderate
India,Rajasthan,Tonk,"Shastri Nagar, Tonk - RSPCB",2026-02-26 19:00:00,32.0,10.0,38.0,81.0,68.0,77.0,4.0,156,Moderate
India,Rajasthan,Udaipur,"Ashok Nagar, Udaipur - RSPCB",2026-02-26 19:00:00,35.0,5.0,46.0,59.0,118.0,88.0,8.0,193,Moderate
India,Sikkim,Gangtok,"Zero Point GICI, Gangtok - SSPCB",2026-02-26 19:00:00,16.0,1.0,6.0,22.0,53.0,52.0,1.0,86,Satisfactory
India,TamilNadu,Chennai,"Kodungaiyur, Chennai - TNPCB",2026-02-26 19:00:00,56.0,4.0,14.0,30.0,100.0,82.0,6.0,173,Moderate
India,TamilNadu,Chennai,"Manali Village, Chennai - TNPCB",2026-02-26 19:00:00,23.0,2.0,4.0,20.0,86.0,57.0,17.0,95,Satisfactory
India,TamilNadu,Chennai,"Perungudi, Chennai - TNPCB",2026-02-26 19:00:00,50.0,2.0,8.0,12.0,113.0,82.0,5.0,173,Moderate
India,Telangana,Hyderabad,"ECIL Kapra, Hyderabad - TSPCB",2026-02-26 19:00:00,18.0,4.0,17.0,41.0,75.0,60.0,7.0,100,Satisfactory
India,Telangana,Hyderabad,"ICRISAT Patancheru, Hyderabad - TSPCB",2026-02-26 19:00:00,16.0,2.0,9.0,66.0,83.0,69.0,6.0,128,Moderate
India,Telangana,Hyderabad,"IDA Pashamylaram, Hyderabad - TSPCB",2026-02-26 19:00:00,41.0,1.0,7.0,22.0,59.0,80.0,9.0,166,Moderate
India,Telangana,Hyderabad,"IITH Kandi, Hyderabad - TSPCB",2026-02-26 19:00:00,31.0,3.0,15.0,30.0,87.0,60.0,20.0,100,Satisfactory
India,Telangana,Hyderabad,"Kokapet, Hyderabad - TSPCB",2026-02-26 19:00:00,33.0,2.0,14.0,28.0,85.0,60.0,15.0,100,Satisfactory
India,Telangana,Hyderabad,"Kompally Municipal Office, Hyderabad - TSPCB",2026-02-26 19:00:00,14.0,3.0,15.0,31.0,85.0,54.0,6.0,90,Satisfactory
India,Telangana,Hyderabad,"Nacharam_TSIIC IALA, Hyderabad - TSPCB",2026-02-26 19:00:00,16.0,5.0,14.0,28.0,81.0,57.0,13.0,95,Satisfactory
India,Telangana,Hyderabad,"New Malakpet, Hyderabad - TSPCB",2026-02-26 19:00:00,42.0,3.0,15.0,27.0,91.0,59.0,17.0,98,Satisfactory
India,Telangana,Hyderabad,"Ramachandrapuram, Hyderabad - TSPCB",2026-02-26 19:00:00,22.0,4.0,15.0,33.0,74.0,43.0,14.0,71,Satisfactory
India,Telangana,Hyderabad,"Somajiguda, Hyderabad - TSPCB",2026-02-26 19:00:00,17.0,3.0,14.0,30.0,90.0,60.0,17.0,100,Satisfactory
India,Telangana,Hyderabad,"Zoo Park, Hyderabad - TSPCB",2026-02-26 19:00:00,33.0,3.0,8.0,24.0,105.0,85.0,9.0,183,Moderate
India,Uttar_Pradesh,Agra,"Manoharpur, Agra - UPPCB",2026-02-26 19:00:00,25.0,5.0,25.0,6.0,79.0,64.0,7.0,111,Moderate
India,Uttar_Pradesh,Agra,"Rohta, Agra - UPPCB",2026-02-26 19:00:00,14.0,5.0,14.0,12.0,137.0,78.0,13.0,159,Moderate
India,Uttar_Pradesh,Agra,"Shastripuram, Agra - UPPCB",2026-02-26 19:00:00,15.0,3.0,40.0,13.0,76.0,64.0,46.0,111,Moderate
India,Uttar_Pradesh,Baghpat,"Sardar Patel Inter College, Baghpat - UPPCB",2026-02-26 19:00:00,60.0,3.0,33.0,54.0,174.0,228.0,36.0,383,Very Poor
India,Uttar_Pradesh,Bareilly,"Civil Lines, Bareilly - UPPCB",2026-02-26 19:00:00,50.0,3.0,2.0,26.0,53.0,20.0,58.0,33,Good
India,Uttar_Pradesh,Bulandshahr,"Yamunapuram, Bulandshahr - UPPCB",2026-02-26 19:00:00,58.0,9.0,66.0,66.0,161.0,100.0,22.0,232,Poor
India,Uttar_Pradesh,Firozabad,"Nagla Bhau, Firozabad - UPPCB",2026-02-26 19:00:00,46.0,2.0,17.0,24.0,82.0,61.0,35.0,101,Moderate
India,Uttar_Pradesh,Ghaziabad,"Indirapuram, Ghaziabad - UPPCB",2026-02-26 19:00:00,36.0,19.0,69.0,10.0,190.0,215.0,18.0,373,Very Poor
India,Uttar_Pradesh,Ghaziabad,"Loni, Ghaziabad - UPPCB",2026-02-26 19:00:00,42.0,6.0,67.0,65.0,247.0,216.0,9.0,374,Very Poor
India,Uttar_Pradesh,Ghaziabad,"Sanjay Nagar, Ghaziabad - UPPCB",2026-02-26 19:00:00,30.0,8.0,93.0,42.0,186.0,167.0,13.0,336,Very Poor
India,Uttar_Pradesh,Ghaziabad,"Vasundhara, Ghaziabad - UPPCB",2026-02-26 19:00:00,28.0,13.0,74.0,54.0,189.0,209.0,32.0,369,Very Poor
India,Uttar_Pradesh,Gorakhpur,"Madan Mohan Malaviya University of Technology, Gorakhpur - UPPCB",2026-02-26 19:00:00,4.0,1.0,11.0,3.0,113.0,81.0,44.0,169,Moderate
India,Uttar_Pradesh,Greater Noida,"Knowledge Park - III, Greater Noida - UPPCB",2026-02-26 19:00:00,40.0,11.0,75.0,89.0,204.0,131.0,11.0,309,Very Poor
India,Uttar_Pradesh,Greater Noida,"Knowledge Park - V, Greater Noida - UPPCB",2026-02-26 19:00:00,49.0,9.0,81.0,103.0,222.0,192.0,17.0,355,Very Poor
India,Uttar_Pradesh,Hapur,"Anand Vihar, Hapur - UPPCB",2026-02-26 19:00:00,46.0,8.0,14.0,59.0,135.0,216.0,38.0,374,Very Poor
India,Uttar_Pradesh,Jhansi,"Shivaji Nagar, Jhansi - UPPCB",2026-02-26 19:00:00,10.0,4.0,6.0,5.0,87.0,39.0,10.0,65,Satisfactory
India,Uttar_Pradesh,Kanpur,"FTI Kidwai Nagar, Kanpur - UPPCB",2026-02-26 19:00:00,35.0,5.0,27.0,12.0,108.0,123.0,20.0,303,Very Poor
India,Uttar_Pradesh,Khurja,"Kalindi Kunj, Khurja - UPPCB",2026-02-26 19:00:00,13.0,1.0,7.0,6.0,141.0,110.0,17.0,266,Poor
India,Uttar_Pradesh,Lucknow,"Kendriya Vidyalaya, Lucknow - CPCB",2026-02-26 19:00:00,46.0,15.0,29.0,36.0,167.0,136.0,17.0,313,Very Poor
India,Uttar_Pradesh,Lucknow,"Kukrail Picnic Spot-1, Lucknow - UPPCB",2026-02-26 19:00:00,11.0,6.0,32.0,37.0,80.0,51.0,41.0,85,Satisfactory
India,Uttar_Pradesh,Lucknow,"Lalbagh, Lucknow - CPCB",2026-02-26 19:00:00,64.0,17.0,36.0,32.0,147.0,161.0,9.0,332,Very Poor
India,Uttar_Pradesh,Lucknow,"Talkatora District Industries Center, Lucknow - CPCB",2026-02-26 19:00:00,29.0,3.0,18.0,35.0,112.0,179.0,4.0,346,Very Poor
India,Uttar_Pradesh,Meerut,"Ganga Nagar, Meerut - UPPCB",2026-02-26 19:00:00,54.0,6.0,113.0,14.0,134.0,163.0,19.0,333,Very Poor
India,Uttar_Pradesh,Meerut,"Jai Bhim Nagar, Meerut - UPPCB",2026-02-26 19:00:00,46.0,8.0,39.0,116.0,146.0,127.0,9.0,306,Very Poor
India,Uttar_Pradesh,Meerut,"Pallavpuram Phase 2, Meerut - UPPCB",2026-02-26 19:00:00,28.0,10.0,56.0,91.0,106.0,105.0,13.0,249,Poor
India,Uttar_Pradesh,Moradabad,"Eco Herbal Park, Moradabad - UPPCB",2026-02-26 19:00:00,41.0,5.0,36.0,55.0,108.0,126.0,18.0,305,Very Poor
India,Uttar_Pradesh,Moradabad,"Employment Office, Moradabad - UPPCB",2026-02-26 19:00:00,40.0,4.0,16.0,22.0,114.0,100.0,24.0,232,Poor
India,Uttar_Pradesh,Moradabad,"Jigar Colony, Moradabad - UPPCB",2026-02-26 19:00:00,40.0,6.0,25.0,22.0,110.0,79.0,31.0,162,Moderate
India,Uttar_Pradesh,Moradabad,"Transport Nagar, Moradabad - UPPCB",2026-02-26 19:00:00,91.0,5.0,29.0,48.0,76.0,50.0,47.0,83,Satisfactory
India,Uttar_Pradesh,Muzaffarnagar,"New Mandi, Muzaffarnagar - UPPCB",2026-02-26 19:00:00,42.0,11.0,29.0,113.0,133.0,152.0,20.0,325,Very Poor
India,Uttar_Pradesh,Noida,"Sector - 125, Noida - UPPCB",2026-02-26 19:00:00,41.0,3.0,117.0,12.0,129.0,223.0,10.0,379,Very Poor
India,Uttar_Pradesh,Noida,"Sector-1, Noida - UPPCB",2026-02-26 19:00:00,37.0,12.0,97.0,103.0,147.0,148.0,18.0,322,Very Poor
India,Uttar_Pradesh,Noida,"Sector-116, Noida - UPPCB",2026-02-26 19:00:00,21.0,15.0,116.0,58.0,168.0,151.0,11.0,324,Very Poor
India,Uttar_Pradesh,Prayagraj,"Jhunsi, Prayagraj - UPPCB",2026-02-26 19:00:00,17.0,5.0,6.0,44.0,78.0,52.0,38.0,86,Satisfactory
India,Uttar_Pradesh,Prayagraj,"Motilal Nehru NIT, Prayagraj - UPPCB",2026-02-26 19:00:00,12.0,9.0,12.0,40.0,55.0,41.0,38.0,68,Satisfactory
India,Uttar_Pradesh,Prayagraj,"Nagar Nigam, Prayagraj - UPPCB",2026-02-26 19:00:00,26.0,7.0,5.0,12.0,58.0,41.0,37.0,68,Satisfactory
India,Uttar_Pradesh,Raebareli," Indira Nagar, Raebareli - NTPC Unchahar",2026-02-26 19:00:00,29.0,9.0,18.0,123.0,134.0,201.0,7.0,362,Very Poor
India,Uttar_Pradesh,Varanasi,"Bhelupur, Varanasi - UPPCB",2026-02-26 19:00:00,14.0,1.0,8.0,12.0,55.0,55.0,25.0,92,Satisfactory
India,Uttar_Pradesh,Varanasi,"IESD Banaras Hindu University, Varanasi - UPPCB",2026-02-26 19:00:00,7.0,2.0,2.0,14.0,63.0,21.0,28.0,35,Good
India,Uttar_Pradesh,Vrindavan,"Omex Eternity, Vrindavan - UPPCB",2026-02-26 19:00:00,18.0,8.0,27.0,15.0,100.0,60.0,17.0,100,Satisfactory
India,Uttarakhand,Kashipur,"Govt. Girls Inter College, Kashipur - UKPCB",2026-02-26 19:00:00,20.0,3.0,9.0,12.0,117.0,164.0,8.0,334,Very Poor
India,Uttarakhand,Rishikesh,"Shivaji Nagar, Rishikesh - UKPCB",2026-02-26 19:00:00,37.0,37.0,21.0,74.0,44.0,2.0,1.0,3,Good
India,West_Bengal,Asansol,"Mahabir Colliery, Asansol - WBPCB",2026-02-26 19:00:00,67.0,1.0,18.0,40.0,99.0,119.0,7.0,297,Poor
India,West_Bengal,Asansol,"Trivenidevi Bhalotia College, Asansol - WBPCB",2026-02-26 19:00:00,56.0,8.0,33.0,36.0,87.0,82.0,7.0,173,Moderate
India,West_Bengal,Barrackpore,"SVSPA Campus, Barrackpore - WBPCB",2026-02-26 19:00:00,44.0,6.0,25.0,54.0,80.0,85.0,13.0,183,Moderate
India,West_Bengal,Durgapur,"Mahishkapur Road_B-Zone, Durgapur - WBPCB",2026-02-26 19:00:00,24.0,3.0,41.0,57.0,111.0,165.0,20.0,335,Very Poor
India,West_Bengal,Durgapur,"Womens College_City Center, Durgapur - WBPCB",2026-02-26 19:00:00,27.0,3.0,30.0,51.0,122.0,68.0,27.0,125,Moderate
India,West_Bengal,Haldia,"Priyambada Housing Estate, Haldia - WBPCB",2026-02-26 19:00:00,33.0,6.0,30.0,24.0,118.0,143.0,14.0,318,Very Poor
India,West_Bengal,Howrah,"Belur Math, Howrah - WBPCB",2026-02-26 19:00:00,23.0,8.0,91.0,31.0,188.0,149.0,33.0,322,Very Poor
India,West_Bengal,Howrah,"Botanical Garden, Howrah - WBPCB",2026-02-26 19:00:00,8.0,2.0,14.0,50.0,93.0,81.0,26.0,169,Moderate
India,West_Bengal,Howrah,"Dasnagar, Howrah - WBPCB",2026-02-26 19:00:00,26.0,9.0,64.0,120.0,121.0,91.0,27.0,201,Poor
India,West_Bengal,Howrah,"Ghusuri, Howrah - WBPCB",2026-02-26 19:00:00,55.0,15.0,22.0,22.0,189.0,253.0,15.0,402,Severe
India,West_Bengal,Howrah,"Padmapukur, Howrah - WBPCB",2026-02-26 19:00:00,44.0,10.0,91.0,55.0,158.0,139.0,6.0,315,Very Poor
India,West_Bengal,Kolkata,"Ballygunge, Kolkata - WBPCB",2026-02-26 19:00:00,22.0,9.0,74.0,28.0,132.0,211.0,16.0,370,Very Poor
India,West_Bengal,Kolkata,"Bidhannagar, Kolkata - WBPCB",2026-02-26 19:00:00,38.0,7.0,12.0,57.0,125.0,143.0,11.0,318,Very Poor
India,West_Bengal,Kolkata,"Fort William, Kolkata - WBPCB",2026-02-26 19:00:00,19.0,14.0,67.0,38.0,109.0,145.0,11.0,319,Very Poor
India,West_Bengal,Kolkata,"Jadavpur, Kolkata - WBPCB",2026-02-26 19:00:00,39.0,9.0,42.0,33.0,173.0,211.0,3.0,370,Very Poor
India,West_Bengal,Kolkata,"Rabindra Bharati University, Kolkata - WBPCB",2026-02-26 19:00:00,36.0,13.0,124.0,38.0,149.0,210.0,10.0,369,Very Poor
India,West_Bengal,Kolkata,"Rabindra Sarobar, Kolkata - WBPCB",2026-02-26 19:00:00,33.0,20.0,100.0,26.0,103.0,129.0,20.0,307,Very Poor
India,West_Bengal,Siliguri,"Ward-32 Bapupara, Siliguri - WBPCB",2026-02-26 19:00:00,45.0,10.0,19.0,70.0,141.0,118.0,18.0,293,Poor
